cluster_id,x,y
0,7.894078990714825,3.0985541552022067
1,1.855847437498181,1.8348431963608391
2,4.929097156790949,8.254731349283306
